--
-- PostgreSQL database dump
--

\restrict YwNVAIk6GNktr2nETBhEH8mxpB93YHoexz3qgdCWdIHkaUWlQ12Tm7fwLRrXG7j

-- Dumped from database version 15.14 (Debian 15.14-1.pgdg13+1)
-- Dumped by pg_dump version 15.14 (Debian 15.14-1.pgdg13+1)

SET statement_timeout = 0;
SET lock_timeout = 0;
SET idle_in_transaction_session_timeout = 0;
SET client_encoding = 'UTF8';
SET standard_conforming_strings = on;
SELECT pg_catalog.set_config('search_path', '', false);
SET check_function_bodies = false;
SET xmloption = content;
SET client_min_messages = warning;
SET row_security = off;

SET default_tablespace = '';

SET default_table_access_method = heap;

--
-- Name: auth_group; Type: TABLE; Schema: public; Owner: bacnet_user
--

CREATE TABLE public.auth_group (
    id integer NOT NULL,
    name character varying(150) NOT NULL
);


ALTER TABLE public.auth_group OWNER TO bacnet_user;

--
-- Name: auth_group_id_seq; Type: SEQUENCE; Schema: public; Owner: bacnet_user
--

ALTER TABLE public.auth_group ALTER COLUMN id ADD GENERATED BY DEFAULT AS IDENTITY (
    SEQUENCE NAME public.auth_group_id_seq
    START WITH 1
    INCREMENT BY 1
    NO MINVALUE
    NO MAXVALUE
    CACHE 1
);


--
-- Name: auth_group_permissions; Type: TABLE; Schema: public; Owner: bacnet_user
--

CREATE TABLE public.auth_group_permissions (
    id bigint NOT NULL,
    group_id integer NOT NULL,
    permission_id integer NOT NULL
);


ALTER TABLE public.auth_group_permissions OWNER TO bacnet_user;

--
-- Name: auth_group_permissions_id_seq; Type: SEQUENCE; Schema: public; Owner: bacnet_user
--

ALTER TABLE public.auth_group_permissions ALTER COLUMN id ADD GENERATED BY DEFAULT AS IDENTITY (
    SEQUENCE NAME public.auth_group_permissions_id_seq
    START WITH 1
    INCREMENT BY 1
    NO MINVALUE
    NO MAXVALUE
    CACHE 1
);


--
-- Name: auth_permission; Type: TABLE; Schema: public; Owner: bacnet_user
--

CREATE TABLE public.auth_permission (
    id integer NOT NULL,
    name character varying(255) NOT NULL,
    content_type_id integer NOT NULL,
    codename character varying(100) NOT NULL
);


ALTER TABLE public.auth_permission OWNER TO bacnet_user;

--
-- Name: auth_permission_id_seq; Type: SEQUENCE; Schema: public; Owner: bacnet_user
--

ALTER TABLE public.auth_permission ALTER COLUMN id ADD GENERATED BY DEFAULT AS IDENTITY (
    SEQUENCE NAME public.auth_permission_id_seq
    START WITH 1
    INCREMENT BY 1
    NO MINVALUE
    NO MAXVALUE
    CACHE 1
);


--
-- Name: auth_user; Type: TABLE; Schema: public; Owner: bacnet_user
--

CREATE TABLE public.auth_user (
    id integer NOT NULL,
    password character varying(128) NOT NULL,
    last_login timestamp with time zone,
    is_superuser boolean NOT NULL,
    username character varying(150) NOT NULL,
    first_name character varying(150) NOT NULL,
    last_name character varying(150) NOT NULL,
    email character varying(254) NOT NULL,
    is_staff boolean NOT NULL,
    is_active boolean NOT NULL,
    date_joined timestamp with time zone NOT NULL
);


ALTER TABLE public.auth_user OWNER TO bacnet_user;

--
-- Name: auth_user_groups; Type: TABLE; Schema: public; Owner: bacnet_user
--

CREATE TABLE public.auth_user_groups (
    id bigint NOT NULL,
    user_id integer NOT NULL,
    group_id integer NOT NULL
);


ALTER TABLE public.auth_user_groups OWNER TO bacnet_user;

--
-- Name: auth_user_groups_id_seq; Type: SEQUENCE; Schema: public; Owner: bacnet_user
--

ALTER TABLE public.auth_user_groups ALTER COLUMN id ADD GENERATED BY DEFAULT AS IDENTITY (
    SEQUENCE NAME public.auth_user_groups_id_seq
    START WITH 1
    INCREMENT BY 1
    NO MINVALUE
    NO MAXVALUE
    CACHE 1
);


--
-- Name: auth_user_id_seq; Type: SEQUENCE; Schema: public; Owner: bacnet_user
--

ALTER TABLE public.auth_user ALTER COLUMN id ADD GENERATED BY DEFAULT AS IDENTITY (
    SEQUENCE NAME public.auth_user_id_seq
    START WITH 1
    INCREMENT BY 1
    NO MINVALUE
    NO MAXVALUE
    CACHE 1
);


--
-- Name: auth_user_user_permissions; Type: TABLE; Schema: public; Owner: bacnet_user
--

CREATE TABLE public.auth_user_user_permissions (
    id bigint NOT NULL,
    user_id integer NOT NULL,
    permission_id integer NOT NULL
);


ALTER TABLE public.auth_user_user_permissions OWNER TO bacnet_user;

--
-- Name: auth_user_user_permissions_id_seq; Type: SEQUENCE; Schema: public; Owner: bacnet_user
--

ALTER TABLE public.auth_user_user_permissions ALTER COLUMN id ADD GENERATED BY DEFAULT AS IDENTITY (
    SEQUENCE NAME public.auth_user_user_permissions_id_seq
    START WITH 1
    INCREMENT BY 1
    NO MINVALUE
    NO MAXVALUE
    CACHE 1
);


--
-- Name: discovery_alarmhistory; Type: TABLE; Schema: public; Owner: bacnet_user
--

CREATE TABLE public.discovery_alarmhistory (
    id bigint NOT NULL,
    alarm_type character varying(30) NOT NULL,
    severity character varying(10) NOT NULL,
    triggered_at timestamp with time zone NOT NULL,
    resolved_at timestamp with time zone,
    is_active boolean NOT NULL,
    trigger_value character varying(100) NOT NULL,
    threshold_value character varying(100) NOT NULL,
    message text NOT NULL,
    device_id bigint NOT NULL,
    point_id bigint
);


ALTER TABLE public.discovery_alarmhistory OWNER TO bacnet_user;

--
-- Name: discovery_alarmhistory_id_seq; Type: SEQUENCE; Schema: public; Owner: bacnet_user
--

ALTER TABLE public.discovery_alarmhistory ALTER COLUMN id ADD GENERATED BY DEFAULT AS IDENTITY (
    SEQUENCE NAME public.discovery_alarmhistory_id_seq
    START WITH 1
    INCREMENT BY 1
    NO MINVALUE
    NO MAXVALUE
    CACHE 1
);


--
-- Name: discovery_bacnetdevice; Type: TABLE; Schema: public; Owner: bacnet_user
--

CREATE TABLE public.discovery_bacnetdevice (
    id bigint NOT NULL,
    device_id integer NOT NULL,
    address character varying(50) NOT NULL,
    vendor_id integer NOT NULL,
    first_seen timestamp with time zone NOT NULL,
    last_seen timestamp with time zone NOT NULL,
    is_online boolean NOT NULL,
    points_read boolean NOT NULL,
    deactivated_at timestamp with time zone,
    is_active boolean NOT NULL
);


ALTER TABLE public.discovery_bacnetdevice OWNER TO bacnet_user;

--
-- Name: discovery_bacnetdevice_id_seq; Type: SEQUENCE; Schema: public; Owner: bacnet_user
--

ALTER TABLE public.discovery_bacnetdevice ALTER COLUMN id ADD GENERATED BY DEFAULT AS IDENTITY (
    SEQUENCE NAME public.discovery_bacnetdevice_id_seq
    START WITH 1
    INCREMENT BY 1
    NO MINVALUE
    NO MAXVALUE
    CACHE 1
);


--
-- Name: discovery_bacnetpoint; Type: TABLE; Schema: public; Owner: bacnet_user
--

CREATE TABLE public.discovery_bacnetpoint (
    id bigint NOT NULL,
    object_type character varying(50) NOT NULL,
    instance_number integer NOT NULL,
    identifier character varying(100) NOT NULL,
    object_name character varying(200) NOT NULL,
    description text NOT NULL,
    created timestamp with time zone NOT NULL,
    device_id bigint NOT NULL,
    data_type character varying(20) NOT NULL,
    present_value character varying(100) NOT NULL,
    units character varying(50) NOT NULL,
    value_last_read timestamp with time zone
);


ALTER TABLE public.discovery_bacnetpoint OWNER TO bacnet_user;

--
-- Name: discovery_bacnetpoint_id_seq; Type: SEQUENCE; Schema: public; Owner: bacnet_user
--

ALTER TABLE public.discovery_bacnetpoint ALTER COLUMN id ADD GENERATED BY DEFAULT AS IDENTITY (
    SEQUENCE NAME public.discovery_bacnetpoint_id_seq
    START WITH 1
    INCREMENT BY 1
    NO MINVALUE
    NO MAXVALUE
    CACHE 1
);


--
-- Name: discovery_bacnetreading; Type: TABLE; Schema: public; Owner: bacnet_user
--

CREATE TABLE public.discovery_bacnetreading (
    id bigint NOT NULL,
    value character varying(100) NOT NULL,
    units character varying(50) NOT NULL,
    read_time timestamp with time zone NOT NULL,
    quality character varying(50) NOT NULL,
    priority integer,
    point_id bigint NOT NULL,
    anomaly_score double precision,
    data_quality_score double precision NOT NULL,
    is_anomaly boolean NOT NULL
);


ALTER TABLE public.discovery_bacnetreading OWNER TO bacnet_user;

--
-- Name: discovery_bacnetreading_id_seq; Type: SEQUENCE; Schema: public; Owner: bacnet_user
--

ALTER TABLE public.discovery_bacnetreading ALTER COLUMN id ADD GENERATED BY DEFAULT AS IDENTITY (
    SEQUENCE NAME public.discovery_bacnetreading_id_seq
    START WITH 1
    INCREMENT BY 1
    NO MINVALUE
    NO MAXVALUE
    CACHE 1
);


--
-- Name: discovery_devicestatushistory; Type: TABLE; Schema: public; Owner: bacnet_user
--

CREATE TABLE public.discovery_devicestatushistory (
    id bigint NOT NULL,
    "timestamp" timestamp with time zone NOT NULL,
    is_online boolean NOT NULL,
    response_time_ms double precision,
    successful_reads integer NOT NULL,
    failed_reads integer NOT NULL,
    packet_loss_percent double precision NOT NULL,
    device_id bigint NOT NULL
);


ALTER TABLE public.discovery_devicestatushistory OWNER TO bacnet_user;

--
-- Name: discovery_devicestatushistory_id_seq; Type: SEQUENCE; Schema: public; Owner: bacnet_user
--

ALTER TABLE public.discovery_devicestatushistory ALTER COLUMN id ADD GENERATED BY DEFAULT AS IDENTITY (
    SEQUENCE NAME public.discovery_devicestatushistory_id_seq
    START WITH 1
    INCREMENT BY 1
    NO MINVALUE
    NO MAXVALUE
    CACHE 1
);


--
-- Name: discovery_maintenancelog; Type: TABLE; Schema: public; Owner: bacnet_user
--

CREATE TABLE public.discovery_maintenancelog (
    id bigint NOT NULL,
    maintenance_type character varying(20) NOT NULL,
    scheduled_date timestamp with time zone NOT NULL,
    completed_date timestamp with time zone,
    description text NOT NULL,
    technicial_notes text NOT NULL,
    predicted_failure_date timestamp with time zone,
    confidence_score double precision,
    is_completed boolean NOT NULL,
    cost numeric(10,2),
    device_id bigint NOT NULL
);


ALTER TABLE public.discovery_maintenancelog OWNER TO bacnet_user;

--
-- Name: discovery_maintenancelog_id_seq; Type: SEQUENCE; Schema: public; Owner: bacnet_user
--

ALTER TABLE public.discovery_maintenancelog ALTER COLUMN id ADD GENERATED BY DEFAULT AS IDENTITY (
    SEQUENCE NAME public.discovery_maintenancelog_id_seq
    START WITH 1
    INCREMENT BY 1
    NO MINVALUE
    NO MAXVALUE
    CACHE 1
);


--
-- Name: discovery_sensorreadingstats; Type: TABLE; Schema: public; Owner: bacnet_user
--

CREATE TABLE public.discovery_sensorreadingstats (
    id bigint NOT NULL,
    aggregation_type character varying(10) NOT NULL,
    period_start timestamp with time zone NOT NULL,
    period_end timestamp with time zone NOT NULL,
    avg_value double precision,
    min_value double precision,
    max_value double precision,
    std_dev double precision,
    reading_count integer NOT NULL,
    null_reading_count integer NOT NULL,
    anomaly_count integer NOT NULL,
    point_id bigint NOT NULL
);


ALTER TABLE public.discovery_sensorreadingstats OWNER TO bacnet_user;

--
-- Name: discovery_sensorreadingstats_id_seq; Type: SEQUENCE; Schema: public; Owner: bacnet_user
--

ALTER TABLE public.discovery_sensorreadingstats ALTER COLUMN id ADD GENERATED BY DEFAULT AS IDENTITY (
    SEQUENCE NAME public.discovery_sensorreadingstats_id_seq
    START WITH 1
    INCREMENT BY 1
    NO MINVALUE
    NO MAXVALUE
    CACHE 1
);


--
-- Name: django_admin_log; Type: TABLE; Schema: public; Owner: bacnet_user
--

CREATE TABLE public.django_admin_log (
    id integer NOT NULL,
    action_time timestamp with time zone NOT NULL,
    object_id text,
    object_repr character varying(200) NOT NULL,
    action_flag smallint NOT NULL,
    change_message text NOT NULL,
    content_type_id integer,
    user_id integer NOT NULL,
    CONSTRAINT django_admin_log_action_flag_check CHECK ((action_flag >= 0))
);


ALTER TABLE public.django_admin_log OWNER TO bacnet_user;

--
-- Name: django_admin_log_id_seq; Type: SEQUENCE; Schema: public; Owner: bacnet_user
--

ALTER TABLE public.django_admin_log ALTER COLUMN id ADD GENERATED BY DEFAULT AS IDENTITY (
    SEQUENCE NAME public.django_admin_log_id_seq
    START WITH 1
    INCREMENT BY 1
    NO MINVALUE
    NO MAXVALUE
    CACHE 1
);


--
-- Name: django_celery_results_chordcounter; Type: TABLE; Schema: public; Owner: bacnet_user
--

CREATE TABLE public.django_celery_results_chordcounter (
    id integer NOT NULL,
    group_id character varying(255) NOT NULL,
    sub_tasks text NOT NULL,
    count integer NOT NULL,
    CONSTRAINT django_celery_results_chordcounter_count_check CHECK ((count >= 0))
);


ALTER TABLE public.django_celery_results_chordcounter OWNER TO bacnet_user;

--
-- Name: django_celery_results_chordcounter_id_seq; Type: SEQUENCE; Schema: public; Owner: bacnet_user
--

ALTER TABLE public.django_celery_results_chordcounter ALTER COLUMN id ADD GENERATED BY DEFAULT AS IDENTITY (
    SEQUENCE NAME public.django_celery_results_chordcounter_id_seq
    START WITH 1
    INCREMENT BY 1
    NO MINVALUE
    NO MAXVALUE
    CACHE 1
);


--
-- Name: django_celery_results_groupresult; Type: TABLE; Schema: public; Owner: bacnet_user
--

CREATE TABLE public.django_celery_results_groupresult (
    id integer NOT NULL,
    group_id character varying(255) NOT NULL,
    date_created timestamp with time zone NOT NULL,
    date_done timestamp with time zone NOT NULL,
    content_type character varying(128) NOT NULL,
    content_encoding character varying(64) NOT NULL,
    result text
);


ALTER TABLE public.django_celery_results_groupresult OWNER TO bacnet_user;

--
-- Name: django_celery_results_groupresult_id_seq; Type: SEQUENCE; Schema: public; Owner: bacnet_user
--

ALTER TABLE public.django_celery_results_groupresult ALTER COLUMN id ADD GENERATED BY DEFAULT AS IDENTITY (
    SEQUENCE NAME public.django_celery_results_groupresult_id_seq
    START WITH 1
    INCREMENT BY 1
    NO MINVALUE
    NO MAXVALUE
    CACHE 1
);


--
-- Name: django_celery_results_taskresult; Type: TABLE; Schema: public; Owner: bacnet_user
--

CREATE TABLE public.django_celery_results_taskresult (
    id integer NOT NULL,
    task_id character varying(255) NOT NULL,
    status character varying(50) NOT NULL,
    content_type character varying(128) NOT NULL,
    content_encoding character varying(64) NOT NULL,
    result text,
    date_done timestamp with time zone NOT NULL,
    traceback text,
    meta text,
    task_args text,
    task_kwargs text,
    task_name character varying(255),
    worker character varying(100),
    date_created timestamp with time zone NOT NULL,
    periodic_task_name character varying(255)
);


ALTER TABLE public.django_celery_results_taskresult OWNER TO bacnet_user;

--
-- Name: django_celery_results_taskresult_id_seq; Type: SEQUENCE; Schema: public; Owner: bacnet_user
--

ALTER TABLE public.django_celery_results_taskresult ALTER COLUMN id ADD GENERATED BY DEFAULT AS IDENTITY (
    SEQUENCE NAME public.django_celery_results_taskresult_id_seq
    START WITH 1
    INCREMENT BY 1
    NO MINVALUE
    NO MAXVALUE
    CACHE 1
);


--
-- Name: django_content_type; Type: TABLE; Schema: public; Owner: bacnet_user
--

CREATE TABLE public.django_content_type (
    id integer NOT NULL,
    app_label character varying(100) NOT NULL,
    model character varying(100) NOT NULL
);


ALTER TABLE public.django_content_type OWNER TO bacnet_user;

--
-- Name: django_content_type_id_seq; Type: SEQUENCE; Schema: public; Owner: bacnet_user
--

ALTER TABLE public.django_content_type ALTER COLUMN id ADD GENERATED BY DEFAULT AS IDENTITY (
    SEQUENCE NAME public.django_content_type_id_seq
    START WITH 1
    INCREMENT BY 1
    NO MINVALUE
    NO MAXVALUE
    CACHE 1
);


--
-- Name: django_migrations; Type: TABLE; Schema: public; Owner: bacnet_user
--

CREATE TABLE public.django_migrations (
    id bigint NOT NULL,
    app character varying(255) NOT NULL,
    name character varying(255) NOT NULL,
    applied timestamp with time zone NOT NULL
);


ALTER TABLE public.django_migrations OWNER TO bacnet_user;

--
-- Name: django_migrations_id_seq; Type: SEQUENCE; Schema: public; Owner: bacnet_user
--

ALTER TABLE public.django_migrations ALTER COLUMN id ADD GENERATED BY DEFAULT AS IDENTITY (
    SEQUENCE NAME public.django_migrations_id_seq
    START WITH 1
    INCREMENT BY 1
    NO MINVALUE
    NO MAXVALUE
    CACHE 1
);


--
-- Name: django_session; Type: TABLE; Schema: public; Owner: bacnet_user
--

CREATE TABLE public.django_session (
    session_key character varying(40) NOT NULL,
    session_data text NOT NULL,
    expire_date timestamp with time zone NOT NULL
);


ALTER TABLE public.django_session OWNER TO bacnet_user;

--
-- Data for Name: auth_group; Type: TABLE DATA; Schema: public; Owner: bacnet_user
--

COPY public.auth_group (id, name) FROM stdin;
\.


--
-- Data for Name: auth_group_permissions; Type: TABLE DATA; Schema: public; Owner: bacnet_user
--

COPY public.auth_group_permissions (id, group_id, permission_id) FROM stdin;
\.


--
-- Data for Name: auth_permission; Type: TABLE DATA; Schema: public; Owner: bacnet_user
--

COPY public.auth_permission (id, name, content_type_id, codename) FROM stdin;
1	Can add log entry	1	add_logentry
2	Can change log entry	1	change_logentry
3	Can delete log entry	1	delete_logentry
4	Can view log entry	1	view_logentry
5	Can add permission	2	add_permission
6	Can change permission	2	change_permission
7	Can delete permission	2	delete_permission
8	Can view permission	2	view_permission
9	Can add group	3	add_group
10	Can change group	3	change_group
11	Can delete group	3	delete_group
12	Can view group	3	view_group
13	Can add user	4	add_user
14	Can change user	4	change_user
15	Can delete user	4	delete_user
16	Can view user	4	view_user
17	Can add content type	5	add_contenttype
18	Can change content type	5	change_contenttype
19	Can delete content type	5	delete_contenttype
20	Can view content type	5	view_contenttype
21	Can add session	6	add_session
22	Can change session	6	change_session
23	Can delete session	6	delete_session
24	Can view session	6	view_session
25	Can add BACnet Device	7	add_bacnetdevice
26	Can change BACnet Device	7	change_bacnetdevice
27	Can delete BACnet Device	7	delete_bacnetdevice
28	Can view BACnet Device	7	view_bacnetdevice
29	Can add BACnet Point	8	add_bacnetpoint
30	Can change BACnet Point	8	change_bacnetpoint
31	Can delete BACnet Point	8	delete_bacnetpoint
32	Can view BACnet Point	8	view_bacnetpoint
33	Can add BACnet Reading	9	add_bacnetreading
34	Can change BACnet Reading	9	change_bacnetreading
35	Can delete BACnet Reading	9	delete_bacnetreading
36	Can view BACnet Reading	9	view_bacnetreading
67	Can add Alarm History	34	add_alarmhistory
68	Can change Alarm History	34	change_alarmhistory
69	Can delete Alarm History	34	delete_alarmhistory
70	Can view Alarm History	34	view_alarmhistory
71	Can add Device Status History	35	add_devicestatushistory
72	Can change Device Status History	35	change_devicestatushistory
73	Can delete Device Status History	35	delete_devicestatushistory
74	Can view Device Status History	35	view_devicestatushistory
75	Can add Maintenance Log	36	add_maintenancelog
76	Can change Maintenance Log	36	change_maintenancelog
77	Can delete Maintenance Log	36	delete_maintenancelog
78	Can view Maintenance Log	36	view_maintenancelog
79	Can add Sensor Reading Statistics	37	add_sensorreadingstats
80	Can change Sensor Reading Statistics	37	change_sensorreadingstats
81	Can delete Sensor Reading Statistics	37	delete_sensorreadingstats
82	Can view Sensor Reading Statistics	37	view_sensorreadingstats
83	Can add task result	38	add_taskresult
84	Can change task result	38	change_taskresult
85	Can delete task result	38	delete_taskresult
86	Can view task result	38	view_taskresult
87	Can add chord counter	39	add_chordcounter
88	Can change chord counter	39	change_chordcounter
89	Can delete chord counter	39	delete_chordcounter
90	Can view chord counter	39	view_chordcounter
91	Can add group result	40	add_groupresult
92	Can change group result	40	change_groupresult
93	Can delete group result	40	delete_groupresult
94	Can view group result	40	view_groupresult
\.


--
-- Data for Name: auth_user; Type: TABLE DATA; Schema: public; Owner: bacnet_user
--

COPY public.auth_user (id, password, last_login, is_superuser, username, first_name, last_name, email, is_staff, is_active, date_joined) FROM stdin;
\.


--
-- Data for Name: auth_user_groups; Type: TABLE DATA; Schema: public; Owner: bacnet_user
--

COPY public.auth_user_groups (id, user_id, group_id) FROM stdin;
\.


--
-- Data for Name: auth_user_user_permissions; Type: TABLE DATA; Schema: public; Owner: bacnet_user
--

COPY public.auth_user_user_permissions (id, user_id, permission_id) FROM stdin;
\.


--
-- Data for Name: discovery_alarmhistory; Type: TABLE DATA; Schema: public; Owner: bacnet_user
--

COPY public.discovery_alarmhistory (id, alarm_type, severity, triggered_at, resolved_at, is_active, trigger_value, threshold_value, message, device_id, point_id) FROM stdin;
\.


--
-- Data for Name: discovery_bacnetdevice; Type: TABLE DATA; Schema: public; Owner: bacnet_user
--

COPY public.discovery_bacnetdevice (id, device_id, address, vendor_id, first_seen, last_seen, is_online, points_read, deactivated_at, is_active) FROM stdin;
1	599	172.18.0.4	15	2025-09-15 02:19:36.038573+00	2025-09-15 02:24:41.260287+00	t	f	\N	t
34	123	192.168.1.100	15	2025-09-23 05:25:37.032362+00	2025-09-23 05:25:37.032399+00	t	f	\N	t
35	456	192.168.1.101	25	2025-09-23 05:25:37.056046+00	2025-09-23 05:25:37.056065+00	t	f	\N	t
\.


--
-- Data for Name: discovery_bacnetpoint; Type: TABLE DATA; Schema: public; Owner: bacnet_user
--

COPY public.discovery_bacnetpoint (id, object_type, instance_number, identifier, object_name, description, created, device_id, data_type, present_value, units, value_last_read) FROM stdin;
\.


--
-- Data for Name: discovery_bacnetreading; Type: TABLE DATA; Schema: public; Owner: bacnet_user
--

COPY public.discovery_bacnetreading (id, value, units, read_time, quality, priority, point_id, anomaly_score, data_quality_score, is_anomaly) FROM stdin;
\.


--
-- Data for Name: discovery_devicestatushistory; Type: TABLE DATA; Schema: public; Owner: bacnet_user
--

COPY public.discovery_devicestatushistory (id, "timestamp", is_online, response_time_ms, successful_reads, failed_reads, packet_loss_percent, device_id) FROM stdin;
1	2025-09-23 05:25:37.044552+00	t	\N	0	0	0	34
2	2025-09-23 05:25:37.057986+00	t	\N	0	0	0	35
3	2025-09-23 05:42:03.325033+00	t	\N	0	0	0	34
4	2025-09-23 05:42:03.329358+00	t	\N	0	0	0	35
5	2025-09-24 02:39:48.397697+00	t	\N	0	0	0	34
6	2025-09-24 02:39:48.406857+00	t	\N	0	0	0	35
7	2025-09-24 02:59:52.291209+00	t	\N	0	0	0	34
8	2025-09-24 02:59:52.298945+00	t	\N	0	0	0	35
9	2025-09-24 03:05:10.935908+00	t	\N	0	0	0	34
10	2025-09-24 03:05:10.939147+00	t	\N	0	0	0	35
11	2025-09-24 03:09:48.347922+00	t	\N	0	0	0	34
12	2025-09-24 03:09:48.350501+00	t	\N	0	0	0	35
13	2025-09-24 03:39:48.611599+00	t	\N	0	0	0	34
14	2025-09-24 03:39:48.615059+00	t	\N	0	0	0	35
15	2025-09-24 04:09:48.518037+00	t	\N	0	0	0	34
16	2025-09-24 04:09:48.526122+00	t	\N	0	0	0	35
17	2025-09-24 04:13:55.349586+00	t	\N	0	0	0	34
18	2025-09-24 04:13:55.353568+00	t	\N	0	0	0	35
19	2025-09-24 04:39:48.385722+00	t	\N	0	0	0	34
20	2025-09-24 04:39:48.392814+00	t	\N	0	0	0	35
21	2025-09-24 04:46:43.163408+00	t	\N	0	0	0	34
22	2025-09-24 04:46:43.167048+00	t	\N	0	0	0	35
23	2025-09-24 05:09:48.435061+00	t	\N	0	0	0	34
24	2025-09-24 05:09:48.444414+00	t	\N	0	0	0	35
\.


--
-- Data for Name: discovery_maintenancelog; Type: TABLE DATA; Schema: public; Owner: bacnet_user
--

COPY public.discovery_maintenancelog (id, maintenance_type, scheduled_date, completed_date, description, technicial_notes, predicted_failure_date, confidence_score, is_completed, cost, device_id) FROM stdin;
\.


--
-- Data for Name: discovery_sensorreadingstats; Type: TABLE DATA; Schema: public; Owner: bacnet_user
--

COPY public.discovery_sensorreadingstats (id, aggregation_type, period_start, period_end, avg_value, min_value, max_value, std_dev, reading_count, null_reading_count, anomaly_count, point_id) FROM stdin;
\.


--
-- Data for Name: django_admin_log; Type: TABLE DATA; Schema: public; Owner: bacnet_user
--

COPY public.django_admin_log (id, action_time, object_id, object_repr, action_flag, change_message, content_type_id, user_id) FROM stdin;
\.


--
-- Data for Name: django_celery_results_chordcounter; Type: TABLE DATA; Schema: public; Owner: bacnet_user
--

COPY public.django_celery_results_chordcounter (id, group_id, sub_tasks, count) FROM stdin;
\.


--
-- Data for Name: django_celery_results_groupresult; Type: TABLE DATA; Schema: public; Owner: bacnet_user
--

COPY public.django_celery_results_groupresult (id, group_id, date_created, date_done, content_type, content_encoding, result) FROM stdin;
\.


--
-- Data for Name: django_celery_results_taskresult; Type: TABLE DATA; Schema: public; Owner: bacnet_user
--

COPY public.django_celery_results_taskresult (id, task_id, status, content_type, content_encoding, result, date_done, traceback, meta, task_args, task_kwargs, task_name, worker, date_created, periodic_task_name) FROM stdin;
\.


--
-- Data for Name: django_content_type; Type: TABLE DATA; Schema: public; Owner: bacnet_user
--

COPY public.django_content_type (id, app_label, model) FROM stdin;
1	admin	logentry
2	auth	permission
3	auth	group
4	auth	user
5	contenttypes	contenttype
6	sessions	session
7	discovery	bacnetdevice
8	discovery	bacnetpoint
9	discovery	bacnetreading
34	discovery	alarmhistory
35	discovery	devicestatushistory
36	discovery	maintenancelog
37	discovery	sensorreadingstats
38	django_celery_results	taskresult
39	django_celery_results	chordcounter
40	django_celery_results	groupresult
\.


--
-- Data for Name: django_migrations; Type: TABLE DATA; Schema: public; Owner: bacnet_user
--

COPY public.django_migrations (id, app, name, applied) FROM stdin;
1	contenttypes	0001_initial	2025-09-15 01:34:53.577711+00
2	auth	0001_initial	2025-09-15 01:34:53.639047+00
3	admin	0001_initial	2025-09-15 01:34:53.655951+00
4	admin	0002_logentry_remove_auto_add	2025-09-15 01:34:53.6625+00
5	admin	0003_logentry_add_action_flag_choices	2025-09-15 01:34:53.66887+00
6	contenttypes	0002_remove_content_type_name	2025-09-15 01:34:53.680984+00
7	auth	0002_alter_permission_name_max_length	2025-09-15 01:34:53.687031+00
8	auth	0003_alter_user_email_max_length	2025-09-15 01:34:53.693298+00
9	auth	0004_alter_user_username_opts	2025-09-15 01:34:53.700194+00
10	auth	0005_alter_user_last_login_null	2025-09-15 01:34:53.707306+00
11	auth	0006_require_contenttypes_0002	2025-09-15 01:34:53.70885+00
12	auth	0007_alter_validators_add_error_messages	2025-09-15 01:34:53.716486+00
13	auth	0008_alter_user_username_max_length	2025-09-15 01:34:53.725617+00
14	auth	0009_alter_user_last_name_max_length	2025-09-15 01:34:53.732715+00
15	auth	0010_alter_group_name_max_length	2025-09-15 01:34:53.739206+00
16	auth	0011_update_proxy_permissions	2025-09-15 01:34:53.745276+00
17	auth	0012_alter_user_first_name_max_length	2025-09-15 01:34:53.752476+00
18	discovery	0001_initial	2025-09-15 01:34:53.772001+00
19	discovery	0002_bacnetpoint_data_type_bacnetpoint_present_value_and_more	2025-09-15 01:34:53.806046+00
20	discovery	0003_alter_bacnetdevice_points_read	2025-09-15 01:34:53.809169+00
21	sessions	0001_initial	2025-09-15 01:34:53.820989+00
34	discovery	0004_bacnetreading_anomaly_score_and_more	2025-09-23 04:54:37.162996+00
35	discovery	0005_alter_bacnetreading_read_time	2025-09-23 04:54:37.169612+00
36	discovery	0006_bacnetdevice_deactivated_at_bacnetdevice_is_active	2025-09-23 04:54:37.179925+00
37	django_celery_results	0001_initial	2025-09-23 04:54:37.195037+00
38	django_celery_results	0002_add_task_name_args_kwargs	2025-09-23 04:54:37.202615+00
39	django_celery_results	0003_auto_20181106_1101	2025-09-23 04:54:37.206495+00
40	django_celery_results	0004_auto_20190516_0412	2025-09-23 04:54:37.235059+00
41	django_celery_results	0005_taskresult_worker	2025-09-23 04:54:37.244384+00
42	django_celery_results	0006_taskresult_date_created	2025-09-23 04:54:37.262522+00
43	django_celery_results	0007_remove_taskresult_hidden	2025-09-23 04:54:37.266072+00
44	django_celery_results	0008_chordcounter	2025-09-23 04:54:37.278829+00
45	django_celery_results	0009_groupresult	2025-09-23 04:54:37.34313+00
46	django_celery_results	0010_remove_duplicate_indices	2025-09-23 04:54:37.348685+00
47	django_celery_results	0011_taskresult_periodic_task_name	2025-09-23 04:54:37.352468+00
\.


--
-- Data for Name: django_session; Type: TABLE DATA; Schema: public; Owner: bacnet_user
--

COPY public.django_session (session_key, session_data, expire_date) FROM stdin;
\.


--
-- Name: auth_group_id_seq; Type: SEQUENCE SET; Schema: public; Owner: bacnet_user
--

SELECT pg_catalog.setval('public.auth_group_id_seq', 1, false);


--
-- Name: auth_group_permissions_id_seq; Type: SEQUENCE SET; Schema: public; Owner: bacnet_user
--

SELECT pg_catalog.setval('public.auth_group_permissions_id_seq', 1, false);


--
-- Name: auth_permission_id_seq; Type: SEQUENCE SET; Schema: public; Owner: bacnet_user
--

SELECT pg_catalog.setval('public.auth_permission_id_seq', 94, true);


--
-- Name: auth_user_groups_id_seq; Type: SEQUENCE SET; Schema: public; Owner: bacnet_user
--

SELECT pg_catalog.setval('public.auth_user_groups_id_seq', 1, false);


--
-- Name: auth_user_id_seq; Type: SEQUENCE SET; Schema: public; Owner: bacnet_user
--

SELECT pg_catalog.setval('public.auth_user_id_seq', 1, false);


--
-- Name: auth_user_user_permissions_id_seq; Type: SEQUENCE SET; Schema: public; Owner: bacnet_user
--

SELECT pg_catalog.setval('public.auth_user_user_permissions_id_seq', 1, false);


--
-- Name: discovery_alarmhistory_id_seq; Type: SEQUENCE SET; Schema: public; Owner: bacnet_user
--

SELECT pg_catalog.setval('public.discovery_alarmhistory_id_seq', 1, false);


--
-- Name: discovery_bacnetdevice_id_seq; Type: SEQUENCE SET; Schema: public; Owner: bacnet_user
--

SELECT pg_catalog.setval('public.discovery_bacnetdevice_id_seq', 35, true);


--
-- Name: discovery_bacnetpoint_id_seq; Type: SEQUENCE SET; Schema: public; Owner: bacnet_user
--

SELECT pg_catalog.setval('public.discovery_bacnetpoint_id_seq', 1, false);


--
-- Name: discovery_bacnetreading_id_seq; Type: SEQUENCE SET; Schema: public; Owner: bacnet_user
--

SELECT pg_catalog.setval('public.discovery_bacnetreading_id_seq', 1, false);


--
-- Name: discovery_devicestatushistory_id_seq; Type: SEQUENCE SET; Schema: public; Owner: bacnet_user
--

SELECT pg_catalog.setval('public.discovery_devicestatushistory_id_seq', 24, true);


--
-- Name: discovery_maintenancelog_id_seq; Type: SEQUENCE SET; Schema: public; Owner: bacnet_user
--

SELECT pg_catalog.setval('public.discovery_maintenancelog_id_seq', 1, false);


--
-- Name: discovery_sensorreadingstats_id_seq; Type: SEQUENCE SET; Schema: public; Owner: bacnet_user
--

SELECT pg_catalog.setval('public.discovery_sensorreadingstats_id_seq', 1, false);


--
-- Name: django_admin_log_id_seq; Type: SEQUENCE SET; Schema: public; Owner: bacnet_user
--

SELECT pg_catalog.setval('public.django_admin_log_id_seq', 1, false);


--
-- Name: django_celery_results_chordcounter_id_seq; Type: SEQUENCE SET; Schema: public; Owner: bacnet_user
--

SELECT pg_catalog.setval('public.django_celery_results_chordcounter_id_seq', 1, false);


--
-- Name: django_celery_results_groupresult_id_seq; Type: SEQUENCE SET; Schema: public; Owner: bacnet_user
--

SELECT pg_catalog.setval('public.django_celery_results_groupresult_id_seq', 1, false);


--
-- Name: django_celery_results_taskresult_id_seq; Type: SEQUENCE SET; Schema: public; Owner: bacnet_user
--

SELECT pg_catalog.setval('public.django_celery_results_taskresult_id_seq', 1, false);


--
-- Name: django_content_type_id_seq; Type: SEQUENCE SET; Schema: public; Owner: bacnet_user
--

SELECT pg_catalog.setval('public.django_content_type_id_seq', 40, true);


--
-- Name: django_migrations_id_seq; Type: SEQUENCE SET; Schema: public; Owner: bacnet_user
--

SELECT pg_catalog.setval('public.django_migrations_id_seq', 47, true);


--
-- Name: auth_group auth_group_name_key; Type: CONSTRAINT; Schema: public; Owner: bacnet_user
--

ALTER TABLE ONLY public.auth_group
    ADD CONSTRAINT auth_group_name_key UNIQUE (name);


--
-- Name: auth_group_permissions auth_group_permissions_group_id_permission_id_0cd325b0_uniq; Type: CONSTRAINT; Schema: public; Owner: bacnet_user
--

ALTER TABLE ONLY public.auth_group_permissions
    ADD CONSTRAINT auth_group_permissions_group_id_permission_id_0cd325b0_uniq UNIQUE (group_id, permission_id);


--
-- Name: auth_group_permissions auth_group_permissions_pkey; Type: CONSTRAINT; Schema: public; Owner: bacnet_user
--

ALTER TABLE ONLY public.auth_group_permissions
    ADD CONSTRAINT auth_group_permissions_pkey PRIMARY KEY (id);


--
-- Name: auth_group auth_group_pkey; Type: CONSTRAINT; Schema: public; Owner: bacnet_user
--

ALTER TABLE ONLY public.auth_group
    ADD CONSTRAINT auth_group_pkey PRIMARY KEY (id);


--
-- Name: auth_permission auth_permission_content_type_id_codename_01ab375a_uniq; Type: CONSTRAINT; Schema: public; Owner: bacnet_user
--

ALTER TABLE ONLY public.auth_permission
    ADD CONSTRAINT auth_permission_content_type_id_codename_01ab375a_uniq UNIQUE (content_type_id, codename);


--
-- Name: auth_permission auth_permission_pkey; Type: CONSTRAINT; Schema: public; Owner: bacnet_user
--

ALTER TABLE ONLY public.auth_permission
    ADD CONSTRAINT auth_permission_pkey PRIMARY KEY (id);


--
-- Name: auth_user_groups auth_user_groups_pkey; Type: CONSTRAINT; Schema: public; Owner: bacnet_user
--

ALTER TABLE ONLY public.auth_user_groups
    ADD CONSTRAINT auth_user_groups_pkey PRIMARY KEY (id);


--
-- Name: auth_user_groups auth_user_groups_user_id_group_id_94350c0c_uniq; Type: CONSTRAINT; Schema: public; Owner: bacnet_user
--

ALTER TABLE ONLY public.auth_user_groups
    ADD CONSTRAINT auth_user_groups_user_id_group_id_94350c0c_uniq UNIQUE (user_id, group_id);


--
-- Name: auth_user auth_user_pkey; Type: CONSTRAINT; Schema: public; Owner: bacnet_user
--

ALTER TABLE ONLY public.auth_user
    ADD CONSTRAINT auth_user_pkey PRIMARY KEY (id);


--
-- Name: auth_user_user_permissions auth_user_user_permissions_pkey; Type: CONSTRAINT; Schema: public; Owner: bacnet_user
--

ALTER TABLE ONLY public.auth_user_user_permissions
    ADD CONSTRAINT auth_user_user_permissions_pkey PRIMARY KEY (id);


--
-- Name: auth_user_user_permissions auth_user_user_permissions_user_id_permission_id_14a6b632_uniq; Type: CONSTRAINT; Schema: public; Owner: bacnet_user
--

ALTER TABLE ONLY public.auth_user_user_permissions
    ADD CONSTRAINT auth_user_user_permissions_user_id_permission_id_14a6b632_uniq UNIQUE (user_id, permission_id);


--
-- Name: auth_user auth_user_username_key; Type: CONSTRAINT; Schema: public; Owner: bacnet_user
--

ALTER TABLE ONLY public.auth_user
    ADD CONSTRAINT auth_user_username_key UNIQUE (username);


--
-- Name: discovery_alarmhistory discovery_alarmhistory_pkey; Type: CONSTRAINT; Schema: public; Owner: bacnet_user
--

ALTER TABLE ONLY public.discovery_alarmhistory
    ADD CONSTRAINT discovery_alarmhistory_pkey PRIMARY KEY (id);


--
-- Name: discovery_bacnetdevice discovery_bacnetdevice_device_id_key; Type: CONSTRAINT; Schema: public; Owner: bacnet_user
--

ALTER TABLE ONLY public.discovery_bacnetdevice
    ADD CONSTRAINT discovery_bacnetdevice_device_id_key UNIQUE (device_id);


--
-- Name: discovery_bacnetdevice discovery_bacnetdevice_pkey; Type: CONSTRAINT; Schema: public; Owner: bacnet_user
--

ALTER TABLE ONLY public.discovery_bacnetdevice
    ADD CONSTRAINT discovery_bacnetdevice_pkey PRIMARY KEY (id);


--
-- Name: discovery_bacnetpoint discovery_bacnetpoint_device_id_object_type_in_a05cf190_uniq; Type: CONSTRAINT; Schema: public; Owner: bacnet_user
--

ALTER TABLE ONLY public.discovery_bacnetpoint
    ADD CONSTRAINT discovery_bacnetpoint_device_id_object_type_in_a05cf190_uniq UNIQUE (device_id, object_type, instance_number);


--
-- Name: discovery_bacnetpoint discovery_bacnetpoint_pkey; Type: CONSTRAINT; Schema: public; Owner: bacnet_user
--

ALTER TABLE ONLY public.discovery_bacnetpoint
    ADD CONSTRAINT discovery_bacnetpoint_pkey PRIMARY KEY (id);


--
-- Name: discovery_bacnetreading discovery_bacnetreading_pkey; Type: CONSTRAINT; Schema: public; Owner: bacnet_user
--

ALTER TABLE ONLY public.discovery_bacnetreading
    ADD CONSTRAINT discovery_bacnetreading_pkey PRIMARY KEY (id);


--
-- Name: discovery_devicestatushistory discovery_devicestatushistory_pkey; Type: CONSTRAINT; Schema: public; Owner: bacnet_user
--

ALTER TABLE ONLY public.discovery_devicestatushistory
    ADD CONSTRAINT discovery_devicestatushistory_pkey PRIMARY KEY (id);


--
-- Name: discovery_maintenancelog discovery_maintenancelog_pkey; Type: CONSTRAINT; Schema: public; Owner: bacnet_user
--

ALTER TABLE ONLY public.discovery_maintenancelog
    ADD CONSTRAINT discovery_maintenancelog_pkey PRIMARY KEY (id);


--
-- Name: discovery_sensorreadingstats discovery_sensorreadings_point_id_aggregation_typ_4b50e142_uniq; Type: CONSTRAINT; Schema: public; Owner: bacnet_user
--

ALTER TABLE ONLY public.discovery_sensorreadingstats
    ADD CONSTRAINT discovery_sensorreadings_point_id_aggregation_typ_4b50e142_uniq UNIQUE (point_id, aggregation_type, period_start);


--
-- Name: discovery_sensorreadingstats discovery_sensorreadingstats_pkey; Type: CONSTRAINT; Schema: public; Owner: bacnet_user
--

ALTER TABLE ONLY public.discovery_sensorreadingstats
    ADD CONSTRAINT discovery_sensorreadingstats_pkey PRIMARY KEY (id);


--
-- Name: django_admin_log django_admin_log_pkey; Type: CONSTRAINT; Schema: public; Owner: bacnet_user
--

ALTER TABLE ONLY public.django_admin_log
    ADD CONSTRAINT django_admin_log_pkey PRIMARY KEY (id);


--
-- Name: django_celery_results_chordcounter django_celery_results_chordcounter_group_id_key; Type: CONSTRAINT; Schema: public; Owner: bacnet_user
--

ALTER TABLE ONLY public.django_celery_results_chordcounter
    ADD CONSTRAINT django_celery_results_chordcounter_group_id_key UNIQUE (group_id);


--
-- Name: django_celery_results_chordcounter django_celery_results_chordcounter_pkey; Type: CONSTRAINT; Schema: public; Owner: bacnet_user
--

ALTER TABLE ONLY public.django_celery_results_chordcounter
    ADD CONSTRAINT django_celery_results_chordcounter_pkey PRIMARY KEY (id);


--
-- Name: django_celery_results_groupresult django_celery_results_groupresult_group_id_key; Type: CONSTRAINT; Schema: public; Owner: bacnet_user
--

ALTER TABLE ONLY public.django_celery_results_groupresult
    ADD CONSTRAINT django_celery_results_groupresult_group_id_key UNIQUE (group_id);


--
-- Name: django_celery_results_groupresult django_celery_results_groupresult_pkey; Type: CONSTRAINT; Schema: public; Owner: bacnet_user
--

ALTER TABLE ONLY public.django_celery_results_groupresult
    ADD CONSTRAINT django_celery_results_groupresult_pkey PRIMARY KEY (id);


--
-- Name: django_celery_results_taskresult django_celery_results_taskresult_pkey; Type: CONSTRAINT; Schema: public; Owner: bacnet_user
--

ALTER TABLE ONLY public.django_celery_results_taskresult
    ADD CONSTRAINT django_celery_results_taskresult_pkey PRIMARY KEY (id);


--
-- Name: django_celery_results_taskresult django_celery_results_taskresult_task_id_key; Type: CONSTRAINT; Schema: public; Owner: bacnet_user
--

ALTER TABLE ONLY public.django_celery_results_taskresult
    ADD CONSTRAINT django_celery_results_taskresult_task_id_key UNIQUE (task_id);


--
-- Name: django_content_type django_content_type_app_label_model_76bd3d3b_uniq; Type: CONSTRAINT; Schema: public; Owner: bacnet_user
--

ALTER TABLE ONLY public.django_content_type
    ADD CONSTRAINT django_content_type_app_label_model_76bd3d3b_uniq UNIQUE (app_label, model);


--
-- Name: django_content_type django_content_type_pkey; Type: CONSTRAINT; Schema: public; Owner: bacnet_user
--

ALTER TABLE ONLY public.django_content_type
    ADD CONSTRAINT django_content_type_pkey PRIMARY KEY (id);


--
-- Name: django_migrations django_migrations_pkey; Type: CONSTRAINT; Schema: public; Owner: bacnet_user
--

ALTER TABLE ONLY public.django_migrations
    ADD CONSTRAINT django_migrations_pkey PRIMARY KEY (id);


--
-- Name: django_session django_session_pkey; Type: CONSTRAINT; Schema: public; Owner: bacnet_user
--

ALTER TABLE ONLY public.django_session
    ADD CONSTRAINT django_session_pkey PRIMARY KEY (session_key);


--
-- Name: auth_group_name_a6ea08ec_like; Type: INDEX; Schema: public; Owner: bacnet_user
--

CREATE INDEX auth_group_name_a6ea08ec_like ON public.auth_group USING btree (name varchar_pattern_ops);


--
-- Name: auth_group_permissions_group_id_b120cbf9; Type: INDEX; Schema: public; Owner: bacnet_user
--

CREATE INDEX auth_group_permissions_group_id_b120cbf9 ON public.auth_group_permissions USING btree (group_id);


--
-- Name: auth_group_permissions_permission_id_84c5c92e; Type: INDEX; Schema: public; Owner: bacnet_user
--

CREATE INDEX auth_group_permissions_permission_id_84c5c92e ON public.auth_group_permissions USING btree (permission_id);


--
-- Name: auth_permission_content_type_id_2f476e4b; Type: INDEX; Schema: public; Owner: bacnet_user
--

CREATE INDEX auth_permission_content_type_id_2f476e4b ON public.auth_permission USING btree (content_type_id);


--
-- Name: auth_user_groups_group_id_97559544; Type: INDEX; Schema: public; Owner: bacnet_user
--

CREATE INDEX auth_user_groups_group_id_97559544 ON public.auth_user_groups USING btree (group_id);


--
-- Name: auth_user_groups_user_id_6a12ed8b; Type: INDEX; Schema: public; Owner: bacnet_user
--

CREATE INDEX auth_user_groups_user_id_6a12ed8b ON public.auth_user_groups USING btree (user_id);


--
-- Name: auth_user_user_permissions_permission_id_1fbb5f2c; Type: INDEX; Schema: public; Owner: bacnet_user
--

CREATE INDEX auth_user_user_permissions_permission_id_1fbb5f2c ON public.auth_user_user_permissions USING btree (permission_id);


--
-- Name: auth_user_user_permissions_user_id_a95ead1b; Type: INDEX; Schema: public; Owner: bacnet_user
--

CREATE INDEX auth_user_user_permissions_user_id_a95ead1b ON public.auth_user_user_permissions USING btree (user_id);


--
-- Name: auth_user_username_6821ab7c_like; Type: INDEX; Schema: public; Owner: bacnet_user
--

CREATE INDEX auth_user_username_6821ab7c_like ON public.auth_user USING btree (username varchar_pattern_ops);


--
-- Name: discovery_a_device__2d25f1_idx; Type: INDEX; Schema: public; Owner: bacnet_user
--

CREATE INDEX discovery_a_device__2d25f1_idx ON public.discovery_alarmhistory USING btree (device_id, triggered_at DESC);


--
-- Name: discovery_a_is_acti_f9d9c7_idx; Type: INDEX; Schema: public; Owner: bacnet_user
--

CREATE INDEX discovery_a_is_acti_f9d9c7_idx ON public.discovery_alarmhistory USING btree (is_active, severity);


--
-- Name: discovery_alarmhistory_device_id_32df3e0a; Type: INDEX; Schema: public; Owner: bacnet_user
--

CREATE INDEX discovery_alarmhistory_device_id_32df3e0a ON public.discovery_alarmhistory USING btree (device_id);


--
-- Name: discovery_alarmhistory_point_id_e9018f0d; Type: INDEX; Schema: public; Owner: bacnet_user
--

CREATE INDEX discovery_alarmhistory_point_id_e9018f0d ON public.discovery_alarmhistory USING btree (point_id);


--
-- Name: discovery_b_point_i_cf9262_idx; Type: INDEX; Schema: public; Owner: bacnet_user
--

CREATE INDEX discovery_b_point_i_cf9262_idx ON public.discovery_bacnetreading USING btree (point_id, read_time DESC);


--
-- Name: discovery_bacnetpoint_device_id_e8c0cefb; Type: INDEX; Schema: public; Owner: bacnet_user
--

CREATE INDEX discovery_bacnetpoint_device_id_e8c0cefb ON public.discovery_bacnetpoint USING btree (device_id);


--
-- Name: discovery_bacnetreading_point_id_64120e1b; Type: INDEX; Schema: public; Owner: bacnet_user
--

CREATE INDEX discovery_bacnetreading_point_id_64120e1b ON public.discovery_bacnetreading USING btree (point_id);


--
-- Name: discovery_d_device__ce3da6_idx; Type: INDEX; Schema: public; Owner: bacnet_user
--

CREATE INDEX discovery_d_device__ce3da6_idx ON public.discovery_devicestatushistory USING btree (device_id, "timestamp" DESC);


--
-- Name: discovery_devicestatushistory_device_id_fce1df14; Type: INDEX; Schema: public; Owner: bacnet_user
--

CREATE INDEX discovery_devicestatushistory_device_id_fce1df14 ON public.discovery_devicestatushistory USING btree (device_id);


--
-- Name: discovery_m_device__93603a_idx; Type: INDEX; Schema: public; Owner: bacnet_user
--

CREATE INDEX discovery_m_device__93603a_idx ON public.discovery_maintenancelog USING btree (device_id, scheduled_date DESC);


--
-- Name: discovery_m_is_comp_756cb2_idx; Type: INDEX; Schema: public; Owner: bacnet_user
--

CREATE INDEX discovery_m_is_comp_756cb2_idx ON public.discovery_maintenancelog USING btree (is_completed);


--
-- Name: discovery_maintenancelog_device_id_1e935459; Type: INDEX; Schema: public; Owner: bacnet_user
--

CREATE INDEX discovery_maintenancelog_device_id_1e935459 ON public.discovery_maintenancelog USING btree (device_id);


--
-- Name: discovery_s_point_i_69d9ea_idx; Type: INDEX; Schema: public; Owner: bacnet_user
--

CREATE INDEX discovery_s_point_i_69d9ea_idx ON public.discovery_sensorreadingstats USING btree (point_id, aggregation_type, period_start DESC);


--
-- Name: discovery_sensorreadingstats_point_id_1662442d; Type: INDEX; Schema: public; Owner: bacnet_user
--

CREATE INDEX discovery_sensorreadingstats_point_id_1662442d ON public.discovery_sensorreadingstats USING btree (point_id);


--
-- Name: django_admin_log_content_type_id_c4bce8eb; Type: INDEX; Schema: public; Owner: bacnet_user
--

CREATE INDEX django_admin_log_content_type_id_c4bce8eb ON public.django_admin_log USING btree (content_type_id);


--
-- Name: django_admin_log_user_id_c564eba6; Type: INDEX; Schema: public; Owner: bacnet_user
--

CREATE INDEX django_admin_log_user_id_c564eba6 ON public.django_admin_log USING btree (user_id);


--
-- Name: django_cele_date_cr_bd6c1d_idx; Type: INDEX; Schema: public; Owner: bacnet_user
--

CREATE INDEX django_cele_date_cr_bd6c1d_idx ON public.django_celery_results_groupresult USING btree (date_created);


--
-- Name: django_cele_date_cr_f04a50_idx; Type: INDEX; Schema: public; Owner: bacnet_user
--

CREATE INDEX django_cele_date_cr_f04a50_idx ON public.django_celery_results_taskresult USING btree (date_created);


--
-- Name: django_cele_date_do_caae0e_idx; Type: INDEX; Schema: public; Owner: bacnet_user
--

CREATE INDEX django_cele_date_do_caae0e_idx ON public.django_celery_results_groupresult USING btree (date_done);


--
-- Name: django_cele_date_do_f59aad_idx; Type: INDEX; Schema: public; Owner: bacnet_user
--

CREATE INDEX django_cele_date_do_f59aad_idx ON public.django_celery_results_taskresult USING btree (date_done);


--
-- Name: django_cele_status_9b6201_idx; Type: INDEX; Schema: public; Owner: bacnet_user
--

CREATE INDEX django_cele_status_9b6201_idx ON public.django_celery_results_taskresult USING btree (status);


--
-- Name: django_cele_task_na_08aec9_idx; Type: INDEX; Schema: public; Owner: bacnet_user
--

CREATE INDEX django_cele_task_na_08aec9_idx ON public.django_celery_results_taskresult USING btree (task_name);


--
-- Name: django_cele_worker_d54dd8_idx; Type: INDEX; Schema: public; Owner: bacnet_user
--

CREATE INDEX django_cele_worker_d54dd8_idx ON public.django_celery_results_taskresult USING btree (worker);


--
-- Name: django_celery_results_chordcounter_group_id_1f70858c_like; Type: INDEX; Schema: public; Owner: bacnet_user
--

CREATE INDEX django_celery_results_chordcounter_group_id_1f70858c_like ON public.django_celery_results_chordcounter USING btree (group_id varchar_pattern_ops);


--
-- Name: django_celery_results_groupresult_group_id_a085f1a9_like; Type: INDEX; Schema: public; Owner: bacnet_user
--

CREATE INDEX django_celery_results_groupresult_group_id_a085f1a9_like ON public.django_celery_results_groupresult USING btree (group_id varchar_pattern_ops);


--
-- Name: django_celery_results_taskresult_task_id_de0d95bf_like; Type: INDEX; Schema: public; Owner: bacnet_user
--

CREATE INDEX django_celery_results_taskresult_task_id_de0d95bf_like ON public.django_celery_results_taskresult USING btree (task_id varchar_pattern_ops);


--
-- Name: django_session_expire_date_a5c62663; Type: INDEX; Schema: public; Owner: bacnet_user
--

CREATE INDEX django_session_expire_date_a5c62663 ON public.django_session USING btree (expire_date);


--
-- Name: django_session_session_key_c0390e0f_like; Type: INDEX; Schema: public; Owner: bacnet_user
--

CREATE INDEX django_session_session_key_c0390e0f_like ON public.django_session USING btree (session_key varchar_pattern_ops);


--
-- Name: auth_group_permissions auth_group_permissio_permission_id_84c5c92e_fk_auth_perm; Type: FK CONSTRAINT; Schema: public; Owner: bacnet_user
--

ALTER TABLE ONLY public.auth_group_permissions
    ADD CONSTRAINT auth_group_permissio_permission_id_84c5c92e_fk_auth_perm FOREIGN KEY (permission_id) REFERENCES public.auth_permission(id) DEFERRABLE INITIALLY DEFERRED;


--
-- Name: auth_group_permissions auth_group_permissions_group_id_b120cbf9_fk_auth_group_id; Type: FK CONSTRAINT; Schema: public; Owner: bacnet_user
--

ALTER TABLE ONLY public.auth_group_permissions
    ADD CONSTRAINT auth_group_permissions_group_id_b120cbf9_fk_auth_group_id FOREIGN KEY (group_id) REFERENCES public.auth_group(id) DEFERRABLE INITIALLY DEFERRED;


--
-- Name: auth_permission auth_permission_content_type_id_2f476e4b_fk_django_co; Type: FK CONSTRAINT; Schema: public; Owner: bacnet_user
--

ALTER TABLE ONLY public.auth_permission
    ADD CONSTRAINT auth_permission_content_type_id_2f476e4b_fk_django_co FOREIGN KEY (content_type_id) REFERENCES public.django_content_type(id) DEFERRABLE INITIALLY DEFERRED;


--
-- Name: auth_user_groups auth_user_groups_group_id_97559544_fk_auth_group_id; Type: FK CONSTRAINT; Schema: public; Owner: bacnet_user
--

ALTER TABLE ONLY public.auth_user_groups
    ADD CONSTRAINT auth_user_groups_group_id_97559544_fk_auth_group_id FOREIGN KEY (group_id) REFERENCES public.auth_group(id) DEFERRABLE INITIALLY DEFERRED;


--
-- Name: auth_user_groups auth_user_groups_user_id_6a12ed8b_fk_auth_user_id; Type: FK CONSTRAINT; Schema: public; Owner: bacnet_user
--

ALTER TABLE ONLY public.auth_user_groups
    ADD CONSTRAINT auth_user_groups_user_id_6a12ed8b_fk_auth_user_id FOREIGN KEY (user_id) REFERENCES public.auth_user(id) DEFERRABLE INITIALLY DEFERRED;


--
-- Name: auth_user_user_permissions auth_user_user_permi_permission_id_1fbb5f2c_fk_auth_perm; Type: FK CONSTRAINT; Schema: public; Owner: bacnet_user
--

ALTER TABLE ONLY public.auth_user_user_permissions
    ADD CONSTRAINT auth_user_user_permi_permission_id_1fbb5f2c_fk_auth_perm FOREIGN KEY (permission_id) REFERENCES public.auth_permission(id) DEFERRABLE INITIALLY DEFERRED;


--
-- Name: auth_user_user_permissions auth_user_user_permissions_user_id_a95ead1b_fk_auth_user_id; Type: FK CONSTRAINT; Schema: public; Owner: bacnet_user
--

ALTER TABLE ONLY public.auth_user_user_permissions
    ADD CONSTRAINT auth_user_user_permissions_user_id_a95ead1b_fk_auth_user_id FOREIGN KEY (user_id) REFERENCES public.auth_user(id) DEFERRABLE INITIALLY DEFERRED;


--
-- Name: discovery_alarmhistory discovery_alarmhisto_device_id_32df3e0a_fk_discovery; Type: FK CONSTRAINT; Schema: public; Owner: bacnet_user
--

ALTER TABLE ONLY public.discovery_alarmhistory
    ADD CONSTRAINT discovery_alarmhisto_device_id_32df3e0a_fk_discovery FOREIGN KEY (device_id) REFERENCES public.discovery_bacnetdevice(id) DEFERRABLE INITIALLY DEFERRED;


--
-- Name: discovery_alarmhistory discovery_alarmhisto_point_id_e9018f0d_fk_discovery; Type: FK CONSTRAINT; Schema: public; Owner: bacnet_user
--

ALTER TABLE ONLY public.discovery_alarmhistory
    ADD CONSTRAINT discovery_alarmhisto_point_id_e9018f0d_fk_discovery FOREIGN KEY (point_id) REFERENCES public.discovery_bacnetpoint(id) DEFERRABLE INITIALLY DEFERRED;


--
-- Name: discovery_bacnetpoint discovery_bacnetpoin_device_id_e8c0cefb_fk_discovery; Type: FK CONSTRAINT; Schema: public; Owner: bacnet_user
--

ALTER TABLE ONLY public.discovery_bacnetpoint
    ADD CONSTRAINT discovery_bacnetpoin_device_id_e8c0cefb_fk_discovery FOREIGN KEY (device_id) REFERENCES public.discovery_bacnetdevice(id) DEFERRABLE INITIALLY DEFERRED;


--
-- Name: discovery_bacnetreading discovery_bacnetread_point_id_64120e1b_fk_discovery; Type: FK CONSTRAINT; Schema: public; Owner: bacnet_user
--

ALTER TABLE ONLY public.discovery_bacnetreading
    ADD CONSTRAINT discovery_bacnetread_point_id_64120e1b_fk_discovery FOREIGN KEY (point_id) REFERENCES public.discovery_bacnetpoint(id) DEFERRABLE INITIALLY DEFERRED;


--
-- Name: discovery_devicestatushistory discovery_devicestat_device_id_fce1df14_fk_discovery; Type: FK CONSTRAINT; Schema: public; Owner: bacnet_user
--

ALTER TABLE ONLY public.discovery_devicestatushistory
    ADD CONSTRAINT discovery_devicestat_device_id_fce1df14_fk_discovery FOREIGN KEY (device_id) REFERENCES public.discovery_bacnetdevice(id) DEFERRABLE INITIALLY DEFERRED;


--
-- Name: discovery_maintenancelog discovery_maintenanc_device_id_1e935459_fk_discovery; Type: FK CONSTRAINT; Schema: public; Owner: bacnet_user
--

ALTER TABLE ONLY public.discovery_maintenancelog
    ADD CONSTRAINT discovery_maintenanc_device_id_1e935459_fk_discovery FOREIGN KEY (device_id) REFERENCES public.discovery_bacnetdevice(id) DEFERRABLE INITIALLY DEFERRED;


--
-- Name: discovery_sensorreadingstats discovery_sensorread_point_id_1662442d_fk_discovery; Type: FK CONSTRAINT; Schema: public; Owner: bacnet_user
--

ALTER TABLE ONLY public.discovery_sensorreadingstats
    ADD CONSTRAINT discovery_sensorread_point_id_1662442d_fk_discovery FOREIGN KEY (point_id) REFERENCES public.discovery_bacnetpoint(id) DEFERRABLE INITIALLY DEFERRED;


--
-- Name: django_admin_log django_admin_log_content_type_id_c4bce8eb_fk_django_co; Type: FK CONSTRAINT; Schema: public; Owner: bacnet_user
--

ALTER TABLE ONLY public.django_admin_log
    ADD CONSTRAINT django_admin_log_content_type_id_c4bce8eb_fk_django_co FOREIGN KEY (content_type_id) REFERENCES public.django_content_type(id) DEFERRABLE INITIALLY DEFERRED;


--
-- Name: django_admin_log django_admin_log_user_id_c564eba6_fk_auth_user_id; Type: FK CONSTRAINT; Schema: public; Owner: bacnet_user
--

ALTER TABLE ONLY public.django_admin_log
    ADD CONSTRAINT django_admin_log_user_id_c564eba6_fk_auth_user_id FOREIGN KEY (user_id) REFERENCES public.auth_user(id) DEFERRABLE INITIALLY DEFERRED;


--
-- PostgreSQL database dump complete
--

\unrestrict YwNVAIk6GNktr2nETBhEH8mxpB93YHoexz3qgdCWdIHkaUWlQ12Tm7fwLRrXG7j

